created_at,full_text,year
2022-06-26,@SUNDA_FESS Molen kontol,2022
2022-09-12,Mobel lejen permainan modelan kontol anjg. Bener bener tolol anjg yg main game kontol Terutama Zhaks anjg top lokal jawa tengah ke 45 maennya kek tolol https://t.co/kzUk4mtomb,2022
2022-11-21,@higgsdomino_id CINA KONTOL ANJENGGG!!!,2022
2022-12-02,@yusnard93291953 @KompasTV Bersyukur lah cina investasi di Indonesia sehingga banyak lapangan kerja terbuka. Arab apa???? Kontol bahlul sj,2022
2022-09-06,@dika_sumendraa @SUNDA_FESS Siapa tau kontol,2022
2022-06-11,e kontol org jawa disini jg udh modifikasi makanan cina. lu kata makanan indo terinspirasi dari mana? israel? lu makan bakso bakmi itu semua ada BAK nya ya krn emg harusnya BABI tp dimodifikasi jadi sapi lah ayam lah.,2022
2022-09-21,@AhmZaaky Jawa tetep ini arab bos gua kek kontol,2022
2022-10-02,Bener kan...... COPOT KAPOLDA JATIM IWAN BULE TOLOL KONTOL CAGUB JAWA BARAT . https://t.co/LTNoDvISp2,2022
2022-09-06,@karirfess Jgn kek kontol dh,2022
2022-02-28,@SUNDA_FESS 1.kantol 2.kontol 3.kontok 4.kentol,2022
2022-08-02,masa dateng ke gue kalo lg gabut doang si lucu euy aa sunda kontol kontol wae si dareen mah bulol,2022
2022-01-28,@danangnuryana2 Kontol gadapet duit goblog,2022
2022-02-28,@SUNDA_FESS kontol semua,2022
2022-09-28,@SUNDA_FESS Kontol,2022
2022-05-27,Cina tolol cina kontol,2022
2022-10-08,@memefess cina kontol,2022
2022-11-30,@bdbh1307 @sileosaa @faizsadad_ ya mungkin itu di bahasamu di basa sunda kontol ya kontol,2022
2022-04-19,@KuroNekoBanser @quantipian Jawa Sunda Madura Betawi emang ga pernah dianggap satu kesatuan di diskursus nasio manapun ya.,2022
2022-08-09,@SUNDA_FESS Samalut samalut ngentot asa deu kontol,2022
2022-11-17,Cina... Rasis Item... Rasis Putih... Rasis Kontol... Teman,2022
2022-09-08,@arifinpribadi Pulau Jawa sedari dulu nyembah DEWA DEWI eh ngeslam pendatang sok sok jadi PRIBUMI Toleransi hanya untuk menghargai agama ARAB ini Minoritas mah diam Bae dah AGAMA KONTOL ️️,2022
2022-03-11,Gua udah niat mau baik malah kelakuan macem kontol,2022
2022-05-13,@mwmekk @SUNDA_FESS Kontol teh naon a?,2022
2022-12-13,@SUNDA_FESS Bacot kontol bacot kontol,2022
2022-08-11,@Larryy_11 @kemalpalevi alah kontol giliran jawa aja lu bilang kuno tp kalo sunda betawi dll lu b aja gausa sok merasa paling modern lu jabodetabek kek paling oke aja lu kontol,2022
2022-02-01,@Robert_Piliang Yang hina Sunda dan Minang aman dan di lindungi oleh para kontol anjing,2022
2022-02-22,@SUNDA_FESS Odang remote kontol,2022
2022-12-17,@SUNDA_FESS KONTOL KONTOL KONTOL KABEH,2022
2022-11-06,@indodax Cina KONTOL Nasib kami di GALA gimana? Di Twitter official GALA mereka udh klarifikasi tidak ada akrivitas Hacked. Knp kau malah RUG PULL kan GALA CINA KONTOL,2022
2022-04-23,@bby_gvla Belajar yok teteh sunda kontol di ganti kanjut yok bisa yok,2022
2022-07-23,@kamipemula Sy jg gede...tp lebih enak kontol orng Sunda suka kangenin,2022
2022-10-07,@tanyakanrl buat mas mas nya kamu kontol mas,2022
2022-07-16,@shelysyantix Dimasukkin kontol Cina enak nihhh,2022
2022-10-14,Cape jg asli ngikutin semua ekstra mana jadi babu sekolah lagi jingkontod anjing kontol ngentod,2022
2022-09-24,lagian emang qrt ini tuh buat hirotaka ajg. qrt an gue yg lain menyangkut kacamata kotak jg buat hirotaka memek. jd si rifki dibawa bawa. pgn bgt apa lu gue bawa bawa nama temen lu yg cina itu di akun gue yg ini? kebanyakan salah paham sih lu kontol,2022
2022-08-29,@lgabyt kontol kabeh,2022
2022-08-19,Kontol cina maksudnya,2022
2022-06-07,@Srikandi_sunda @ntasanusa @CNNIndonesia @CSISIndonesia agen asing kontol....bos lu china2 parasit yg ada di Indonesia khan....anjing semua tuh...,2022
2022-07-29,@SUNDA_FESS kebacanya kontol,2022
2022-09-29,@SUNDA_FESS Kontol dina tarang era mah,2022
2022-11-13,@Denny09687511 @Heugweh @Aceh Manusia kontol bawa bawa Jawa anjing itu spanduk di Bogor bangsat bukan orang Jawa Bogor itu sukunya Sunda goblok. Asu....,2022
2022-11-08,@denji_abarai @gusbaster87 bukan jawa.. liyt context timur laut pulau jawa. madura yg d mksd. lu pikir jawa jamet smua. .kontol,2022
2022-10-05,@fluffycurvs @berbekelboii dah bosen liat kontol cina nya,2022
2022-05-10,@SUNDA_FESS si kontol dan si meki,2022
2022-01-13,Inget ga kasus sunda empire berdekatan sama kasus jiwa seraya.lalu kasus gisel dekat dengan kasus joko tjandra dan jaksa pinangki Xixixixixi... semua nya proyekan orang2 media sama elit.KONTOL,2022
2022-10-27,@SUNDA_FESS Mincong kaya kontol,2022
2022-05-07,@SUNDA_FESS Giliran disakiti ku lalaki asa paling tersakiti dan ngomong semua cowo sama aja kontol,2022
2022-07-26,@shitducktin @SUNDA_FESS Temen kontol naon?,2022
2022-08-11,CINA KONTOL,2022
2022-10-04,@cowobangkit Kaya pisan bahasa sunda mah nya om tinu kanjut geu bisa jadi babagug mamas kontol seer pisan lah om,2022
2022-08-05,@SUNDA_FESS halah kontol,2022
2022-08-17,@prostitushe Sunda juga kontol sebenernya,2022
2022-03-07,Masih aneh kalo ada yg bilang Mas jadi Mamas ke pacar atau ke siapa. Padahal tau kan di Bahasa Sunda Mamas itu kontol.,2022
2022-11-16,jawa kontol,2022
2022-11-19,Warg Flores NTT Indonesia timur luar P. Jawa jangan mau dikompor2in sjw ginian. Enak aja daerah tertinggal mau maju disuruh ga usah maju aja sama dia ckck,2022
2022-05-08,@SUNDA_FESS gede hulu kontol,2022
2022-06-10,Namanya musibah gak tua gak muda Ahmad Dhani Indy Barends Yakult Kamera 108MP Vega Hiatus Padang Sunda #Viralkan Non Halal Joshua PSSI Ginting Fajar Minions #SECRET_NUMBER #CHAEYOUNG Ribet #DOOMCHITA_ON_MUBANK Sinyo Egois Kontol Semalem LeoNiel https://t.co/OENwheF6TE,2022
2022-10-29,ngentot dikelas gua ada maling sering bat lagi kontol,2022
2022-11-23,jawa lashings you all haven't met my jawa timur guy friend semua orang dikatain kontol,2022
2022-08-29,@bosedii @ronaldpolnaya @detikcom Edi kontol .. elu pulang mudik lewat jalan toll trans Jawa dari duit yang lu bilang ngutang dari presiden yang lu bilang dongok .. dasar enggak tau malu lu anjjiiiiing,2022
2022-12-16,@_mardial_ Dah yang bagus orang sunda yang kerja di karen kontol,2022
2022-10-28,@SUNDA_FESS KONTOL,2022
2022-11-11,@tanyakanrl china ini jujur bukan karena emang gua orang cina ya kontol. tapi china punya banyak jenis pekerjaan entah dari yang butuh tenaga wow sampe tenagaless. dan kerjaannya macem macem bahkan ada yang diluar nalar makanya gua tertarik hmhm,2022
2022-07-05,Baru kali ini nemu cina kontol!,2022
2022-07-24,@zarazettirazr Cina kontol,2022
2022-09-16,kontol lah udh pendek masih aja dicukur memmek,2022
2022-11-09,@orchidmalevolen @CrimsonTorture_ Goblok bawa2 Jawa tolol ga nyambung kontol,2022
2022-11-09,@RH4dore @FikriAr_66 @Nocturn46908564 @rahadian_vcc @GreenpeaceID Goblok kl gk untung ente knp tinggal dinpulau jawa ? Kontol luu tuh buat cuan,2022
2022-10-13,@infotwitwor_ jakarta bukan jawa kah maniezzzz? jakartka kontol kata gue teh,2022
2022-09-19,15. KONTOL KAMBING JAJANAN KHAS JAWA,2022
2022-12-19,@SUNDA_FESS @baterrrrplaayyy Kenapa jarum ujungnya lancip ? Kalo ujungnya tumpul mah kontol,2022
2022-09-15,@DonKintil @aniesbaswedan Alah si kintil soksok bawa jawa lu pikir semua orang jawa sama kayak lu kontol,2022
2022-08-02,@daffaarnk @SUNDA_FESS Kontol emang,2022
2022-09-21,@keuheul_ @SUNDA_FESS Pokonamah maneh kontol,2022
2022-09-08,@SUNDA_FESS Kode pengen masukin kontol ke kemem,2022
2022-04-20,hbd jamet sunda kontol jelek @awesekoy,2022
2022-09-04,@prastow @YouTube turunkan mukidi cina kontol,2022
2022-12-06,@SUNDA_FESS Anak kontol,2022
2022-08-26,@pngajian aneh banget kontol org jawa,2022
2022-05-13,@SUNDA_FESS sugan aing KONTOL,2022
2022-10-07,@BintangNtAnansa cina sok jago kontol,2022
2022-09-17,@bdngfess @stdsiliwangi Kanjut mun ngarujuk kanu wadah siki. Mun awakna nu luhur karek disebut kontol. Aya istiliahna dina Basa Sunda mah kanjut kunang kanjut dina taktak kanjut dina tarangg jeung laer kanjut.,2022
2022-10-15,@SUNDA_FESS beunghar jeung kontol badag. ga punya semua itu? muhasabah diri anda,2022
2022-02-28,@SUNDA_FESS kontol kontol kontol kontol,2022
2022-05-10,@SUNDA_FESS Isinya kontol kah?,2022
2022-07-04,@PeyekOomKece Benerin dulu pronunciationnya bang kontol baru sok2an bahasa italia.. itu Vaffanculo bukan papanculo bang kontol. Bang kontol kira lidah italia sama kek lidah sunda ga bisa nyebut V ma F?? Duhh..bang kontol bang kontol udh berusaha sangar tapi kok lawak. Ngakak,2022
2022-09-23,@SUNDA_FESS lu kontol,2022
2022-05-24,@nununununbit SJWYSHWHS TAKUT!!! MANA GUA SERING NGETWIT KONTOL BIN BOOL BOTI CINAAAAA (takut tp tetap maju menikmati kontol cina),2022
2022-09-24,@NabiLendir @RereAvailable Cina komunis kontol.....,2022
2022-11-21,@higgsdomino_id CINA KONTOL ANJENGG,2022
2022-06-07,@akusiapanyanday @Moejaaaa sunda kontol ap mek sekalian weh,2022
2022-05-18,@SUNDA_FESS Molen kontol,2022
2022-12-03,@Barskyyyyy @Box2BoxBola Kalau emg jago semua prediksi bener dari awal kalau ada yg salah atau bener itu cuma tebak2an gurita aja lebih jago dari si kontol cina itu,2022
2022-11-03,@lnptop Ini cina kontol gede tebal panjang enak di ewe SM dia,2022
2022-10-23,@SUNDA_FESS Gaya elit modal pabeulit kontol!!!,2022
2022-10-17,yehh kontol itu orang orang yang merantau sebarin dah ke seluruh jawa jangan numpuk di barat semua,2022
2022-10-25,@SUNDA_FESS ajak jalan-jalan jajanan bakso kontol di braga,2022
2022-12-06,ribet bnget kontol makan tinggal makan tpi aku mau di keluarga sunda atau keluarga jawa ttp aja tuh kalau lagi madang pasti disuguhin banyak menu,2022
2022-10-02,@SUNDA_FESS Salah Base kontol,2022
2022-07-10,BAHASA SUNDA KONTOL ANJING PEPEK MALES BGT GWE,2022
2022-05-13,@SUNDA_FESS woy anjing sini sia monyet wani na ka awewe dih tolol era atu ku kontol,2022
2022-03-12,ajarin gue b.sunda kntut gue punya abang tapi abang gamau ngajarin gue kontol emang,2022
2022-10-14,@caul_tanjung MARI HANCURKAN NKRI NEGARA KONTOL REPUBLIK ITIL HANCURKAN NKRI DAN MARI KITA BENTUK NEGARA JAWA NEGARA SUMATRA NEGARA KALIMANTAN DENGAN PRESIDEN YANG BERBEDA. HANCURKAN NKRI. HANCURKAN KUBILANG HANCURKAN NKRI NKRI NEGARA LONTE NEGARA ANJING BANGSAT,2022
2022-05-24,@mixpresma saya sukanya kontol cina,2022
2022-11-07,@SUNDA_FESS WKWKWK KONTOL,2022
2022-02-12,@SUNDA_FESS Ongkoh pakaian masih lengkap tapi sperma na bisa kena celana maneh? Eta kontol apa selang steam motor?,2022
2022-08-02,@twistkorasakeju Kalo aku begini secara aku orang sunda anjing bucat ngeunah sayang ngeunah pisan...kontol kamu enak pisan sayang,2022
2022-08-07,@Alleria3110 Sunda kontol diem aja dah,2022
2022-10-07,@SUNDA_FESS Beli bakso kontol,2022
2022-01-29,@SUNDA_FESS Bahasa memek jeung kontol pa adu,2022
2022-07-06,@anjaliisemokk @abdul76674558 Nih mau kontol saya,2022
2022-08-04,@ruhutsitompul Hei kontol..anak Anjing haram jadah..cina lari kan uang negara 54 Triliun...kau diam anjing mana bacot kau kyk babi..,2022
2022-09-04,@BennyHarmanID @almagentia369 turunkan mukidi cina kontol,2022
2022-10-04,@SUNDA_FESS Kontol,2022
2022-07-22,@SUNDA_FESS *dalam hati Kontol!,2022
2022-10-03,@rudolfvck Cina kontol dong. Mana bisa salah,2022
2022-02-07,@SUNDA_FESS kontol maneh,2022
2022-10-15,@SUNDA_FESS Neng cek Aa mah angge heula logic thinking-na ... Simpen heula hate kamu na. Biarkan pikiran km berbicara. Sok pikirkeun mnh boga lalaki nu grepe² awewe lain ... Lalaki kitu mah mokondo Neng. Mokondo (modal kontol doang) Segera akhiri Neng ... Hubungan Anda dgn Dia.,2022
2022-11-08,@kontol_borneyo Makannya tidur di lengan aku aja,2022
2022-08-17,@safira_aml Cina lacur... Pasti enak di ewe rame2 ma kontol pribumi... Dijadiin tempat penampungan peju... Asikkk,2022
2022-06-05,@ernestprakasa cina kontol,2022
2022-10-15,@SUNDA_FESS Wkwkw kontol,2022
2022-07-27,@coelsambeel @namaguauang @SUNDA_FESS Kalian semua kontol,2022
2022-11-21,pengen streaming pildun wifi malah kaya kontol,2022
2022-09-02,@yooursbabee Hilmi kontol nyolong fto dr mana buat nipuin orang??,2022
2022-11-02,@hmzhh_mn @nicoerdi @ilyas_soepnji @taurunians Kontol aja dari bahasa Jawa kuno,2022
2022-12-07,@SUNDA_FESS kontol ragil,2022
2022-10-18,@SUNDA_FESS kontol?,2022
2022-11-08,@detikcom @detik_jatim Polisi kontol,2022
2022-08-13,@SUNDA_FESS Sia nyaho kudu kumaha! Ikh kesel kontol?,2022
2022-12-05,@windrugs @sf4cee So soan Sunda gitu maneh wkwkwk menurut aing sih emg kontol tu cowo dah gitu aja.,2022
2022-02-28,@SUNDA_FESS kontol,2022
2022-08-07,@cutiiiebean @SUNDA_FESS ih sia mah kanu kontol teh ni semangatt,2022
2022-06-16,@killyourid0l @penajoyko org cina kontol kecil tp mereka bs bkin dunia ketar ketir mas tlong jgn diremehin,2022
2022-12-07,@SUNDA_FESS kontol jawaban eta kan nu dikahayang kumaneh nder,2022
2022-07-24,Dipaksa kocokin kontol orang cina vidio : @BokepBigoli full vidio kolom komentar #SANGE_AAAAAAAAAAH #chika20jt #OpenBO #MEMEKBASAH #kontolngaceng #vcscolmek https://t.co/dV34H860Mi,2022
2022-05-08,lah aing nu getih sunda asli karep apal lah amun kehed teh artina kontol???? padahal mineng dipake anjeng,2022
2022-02-01,@SUNDA_FESS Kontol kok dikasi nama aneh aneh aja,2022
2022-12-13,@SUNDA_FESS burung kontol,2022
2022-09-09,@cavutes jawa ngaku sunda kontol,2022
2022-02-11,@pianjg @SUNDA_FESS Owh berarti lucu atuh siga kontol,2022
2022-11-30,@bdbh1307 @sileosaa @faizsadad_ Oo iya. Saya googling2 lagi kata kontol tuh nggak cuma ada di bahasa Jawa tapi juga di bahasa Bali. Kalau di bahasa Bali arti kontol sama kayak di KBBI yaitu kemaluan laki2 secara umum. Btw kalau menurut kamus Jawa Kuna kontol tuh malah bukan bijinya mas. Tapi kantung bijinya,2022
2022-10-05,@abcdugiiil @SUNDA_FESS skrg suka cewek soalnya cowok kemarin kayak kontol :'(,2022
2022-01-21,@Ridaf19 Itu forum rapat lain keur dwarkop kecuali Dahlan ngmng org Sunda goblog cz urg Sunda kurg Jawa Jawa kontol Jawa koek karek mslh. Mun keur rapat mah nyak heueuh make bhs Indonesia da dforum teh lain urg Sunda ungkul koplok,2022
2022-03-31,@SUNDA_FESS Kontol,2022
2022-11-14,@MAB kontol.ens,2022
2022-09-24,@SUNDA_FESS kontol,2022
2022-07-07,kontol aing sampe bayar spotify premium cuma buat dengerin 1 lagu. kesel aing lama lama sama sonklot not available in your country wae. emg rada hese ngedengeken musik di tanah sunda mah ‍️,2022
2022-06-04,@SantorinisSun Ini salah satu akun pasukan pacinko (PAsukan CINa KOntol) PKI keturunan pho ang thui yg ditugaskan jadi provokator...,2022
2022-07-19,@UsniErlangga CIKON!! CINA KONTOL!!,2022
2022-05-13,@SUNDA_FESS anak anjing kuaing tenggel lah jelmana kontol,2022
2022-01-09,@SUNDA_FESS Kontol,2022
2022-10-09,@PresidenKopi kontol Babi gmn ya bentuknya.??,2022
2022-10-02,Ayo Pak KAPOLRI @ListyoSigitP COPOT &amp; SELIDIKI KAPOLDA JATIM INI hari ini juga..... Selidiki juga siapa tahu dia TERLIBAT JUDI BOLA ONLINE KONSORSIUM 303 makanya GAK IJININ LAGA SORE..... IWAN BULE TOLOL KONTOL CAWAGUB JAWA BARAT @mohmahfudmd @theafcdotcom,2022
2022-08-08,Ada pepatah cina triak mokondo tapi tidak dengan momekdo dahal ngentot tu kontol masuk memek ga kontol diputer trus diliatin cewenya doang,2022
2022-10-02,@samskoy Blacklist timnya kalo perlu banned selamanya sbg sanksi ulah dari supporternya. Venue piala dunia pindahin dari Jawa Timur ke Provinsi lain yg suporternya relatif lebih waras dan gak kek kontol begitu. Masih banyak opsi dari pada harus membatalkan.,2022
2022-10-19,@fundameeental Kidul as spoken of sunda a character mean is Ratu pantai selatan. Mobile legend kontol,2022
2022-11-24,@kontol_borneyo Cipokan sampe subuh,2022
2022-10-31,@sitidew40251554 @Ade98757653 @M45Broo Apaan si lo? Dikit2 kok kodran kadrun. Klo cuma mau presiden Jawa bikin aja republik jawa sana. Emang kontol lah lorang ini.,2022
2022-11-24,@TediSuryana4 @bro_aLy9 woyy tedi kontol... itu yg dipake baju koko namanya.. dari cina... orang arab gak ada yg dipanggil koko,2022
2022-08-04,Cina kontol,2022
2022-10-30,@ragezouave kontol di daerah gw 50% orang jawa kalo dapet kerja borongan mau di bayar full di muka baru kerja setengah jadi orang nya minggat .tapi 50% nya lurus lurus aja sih ya,2022
2022-09-01,sepa anak anjing malah ilang kontol,2022
2022-12-01,@edisa_oktonika @amarrgh @thingaboutris @Askrlfess Bacot lo cina kontol,2022
2022-12-19,@SUNDA_FESS era ku kontol kitu,2022
2022-10-10,mentally im not in this organization. fuck them. fuck the situation. udah beribu kali aku sama temen2ku ngasitau ttp aja pada akhirnya ngebebanin aku sm yg lain. bocil2 kontol,2022
2022-10-08,@SasliRahadi1 @kopikongdjie_ @manggeojo74 @tvOneNews Blok giliran Kalimantan hutannya di tebangin buat bangun fasilitas bilangnya #savehutan kontol mau nya apa dah aneh bet iri jawa fasilitasnya lebih bagus di banding pulau² lain giliran mo di bangun #savehutan hadeh,2022
2022-11-25,@tololmeroket Kontol .!!!! Gua lebih percaya hitler orang sunda ketimbang omongan lu .,2022
2022-09-03,@Yulia_NS79 @DivHumas_Polri @humaspoldagtlo turunkan mukidi cina kontol,2022
2022-08-31,@yooursbabee Tukang tipu kontol jgn percaya!!,2022
2022-06-20,@slave_cina Anjing betina jalang budak kontol gratisan siap di pakek rame2,2022
2022-11-30,@CNNIndonesia OBJEKAN SI CINA KONTOL BABI KARNA MEREKA UDAH KUASAI NIKEL LATERAL UTK BAHAN LITHIUM BATRE YG MEREKA KERUK DARI SDA KITA SENDIRI GARA2 KEBODOHAN SI LUMUT . JADINYA MEREKA MAU JADIKAN KITA TARGET MARKETNYA ATAS PAKSAAN REGIME KUNYUK,2022
2022-07-14,@SUNDA_FESS Styacation staycation tai anjing nya muhun sumuhun da ges gede maneh teh geus apal sebab akibat ah mun di gengereuhkeun ulah staycation kalah ngalunjak nya muhun sok lebok ku sia we ayena mah anjing memek kontol babi lah,2022
2022-07-21,@SUNDA_FESS Kontol banget suaranya khas,2022
2022-12-14,@SUNDA_FESS Lu kontol udh gtu aja,2022
2022-02-17,Begal kontol,2022
2022-08-11,makin lama kutengok orang cina ini makin kek kontol ya,2022
2022-10-01,@ex_AnakLolina Kau kira indonesia ini cuma jawa aja Kau buat aja negara satu spesial pulau jawa,2022
2022-05-25,@sigitwid @aniesbaswedan @ArizaPatria @Roni_ASC Kontol emang @psi_id sini anjir kaltim tu tambang batu baru punya oligarki genk bawa imigran cina..loe diem aja bangsaaat,2022
2022-09-15,@ndagels No pict no hoax pliss mas jawa pap kontol dlu anjing,2022
2022-11-21,@Khoirul75477760 Kontol mari bawa de ke Papua tuh laki bangsat baru yg Vidio Jawa puki tuh itu perempuan goblok koi keluar dari de PU rahim baru ko berani sekali pukul perempuan taigosi ko,2022
2022-07-28,@SUNDA_FESS Hakan tah kontol,2022
2022-10-11,@RoadVoucher @patrick_chang88 @pocketyoyo @Dennysiregar7 Berharga bapaklu tai nih keturunan cina kontol. Cina itu negara sampah mereka pendatang haram NKRI. Goblok lu https://t.co/0QCPgar4bV,2022
2022-07-15,@notanyo49529692 Memek cina pasti seneng diewe ama kontol pribumi,2022
2022-05-16,di bahasa sunda tuh kontol lebih kasar dari kanyut jadi kalo ngatain kontol kalau nyebut kelamin kanyut,2022
2022-08-11,@catchmeupid Cina kontol,2022
2022-10-06,sakit hati bngt di teriakin cina kontol,2022
2022-11-05,@HelmiFelis_ Ah sama aja 2 kelompok cebong kadrun kontol. Yang satu pen bantai cina satu pen bantai Arab. Yang harus dibantai itu cebong kadrun kelompok berisik yang pasti kekal di neraka,2022
2022-11-30,@SUNDA_FESS kontol,2022
2022-07-03,kontol gue nih lagi nonton film cina brengsek https://t.co/97xeaY42r3,2022
2022-08-03,Telkomsel KONTOL mana bisa . provider ngentod. harga mahal kualitas anjing . yuk kita pindah provider jgn gunakan produk BUMN. biar mati sekalian perusahaan antek cina . @Telkomsel #Boikottelkomsel #BUMNisinyacinadankoruptor https://t.co/e8hx0zi6XT,2022
2022-05-19,@SUNDA_FESS piscok kontol,2022
2022-10-18,@starrbiss gajelas jawa kontol bhonk,2022
2022-02-25,@SUNDA_FESS Gorowokeun we kontol kitu,2022
2022-11-19,kontol gua bingung harus gimana,2022
2022-04-04,@SUNDA_FESS Uang buat keseharian sehari-hari itu ga miskin kontol. Miskin tuh kalo sia teu boga duit saperak perak acan.,2022
2022-10-30,@SUNDA_FESS naon sih kontol,2022
2022-03-25,@hiyojpg Funfact mamas tuh bahasa halus kontol dalam bahasa sunda,2022
2022-10-18,@piggydeath2 @diiiiitt @IndahMSari @wiwiknengg @JaKebayoran2001 @AnakGawang28_ @jkt_siamonoi lu goblok nimbrung di pembahasan kasus jakarta pake bahasa jawa di kasih saran malah ngatain goblok sok keras lu kontol,2022
2022-07-20,Marlboro Red 1 pack for 11 euro Ini gua beli di minimarket lingkungan deket hotel yang jual orang cina Itu warna bungkusnya warna campuran abu2 dan ijo yang pernah gua baca sebagai warna paling jelek di dunia gada menariknya samsek Rokok paling ga enak dari semua rokok Kontol https://t.co/nMhbtUlyZN,2022
2022-09-14,vini ga jelas kontol gocak gocek ga lewat turu,2022
2022-10-29,@SUNDA_FESS kontol,2022
2022-10-15,@SUNDA_FESS kontol,2022
2022-05-19,@SUNDA_FESS Kaya Kontol,2022
2022-11-21,@bill_pra @Serterah Anjg bili anak kontol wkwkwkw,2022
2022-08-19,Rapunzel kontol rasis enak bngt ngomong nya cina cina..,2022
2022-08-17,@SUNDA_FESS kontol,2022
2022-11-24,jawa kontol,2022
2022-08-06,@bijikendor_77 @woshi_L_U_K_E @_ekokuntadhi Eh kontol arab gw Cina gw akan cari dan mutilasi elo,2022
2022-11-21,@crotonyoface Pastinya.... Kontol pribumi lebih gede2... Ngentotin cina ya enak lah,2022
2022-02-08,@djwpsh a ya bahasa sunda kontol tetep kontol,2022
2022-03-13,@keanupahIevi @heylutfi_ Sugeng enjing sunda kontol,2022
2022-08-20,@Kelvin_287 @AhmadSahidah @knpiharis @ListyoSigitP @DivHumas_Polri @Dennysiregar7 Cina kontol jangan sok keras !,2022
2022-12-10,@therealdajjal Org sunda 'era mah kontol na tarang.',2022
2022-02-12,@ftari__ @SUNDA_FESS kontol ngadi ngadi,2022
2022-02-04,@SUNDA_FESS Macam kontol,2022
2022-11-12,capek gua kontol diginiin mulu,2022
2022-11-22,@primevideoid Film kontol dan busuk ini mah pasti isinya muka si atta peler doang yg di shoot kameranya,2022
2022-02-28,@SUNDA_FESS KONTOL,2022
2022-05-14,@amergolddd @_silentmary @SUNDA_FESS @yusuproyanun Oalah kontol bisa dimakan ya,2022
2022-06-20,@SUNDA_FESS Kamu kalo mau putus bilang aja gausah libatin org lain gausa pake cara selingkuh segala plis kalo sekiranya gabisa baik coba belajar buat baik jangan malah jadi gabaik. Tolong jangan suka gantiin tugas setan ya. DASAR KONTOL,2022
2022-11-27,Akun asli,2022
2022-10-21,@alisyariati @DhenBei03 @Muhamma87797214 @abu_waras Cina pinter eluh mikirin kontol Mulu sih sama kaya habib rizieq,2022
2022-07-06,@Guasiapaya8 @AndriHooper @SUNDA_FESS Atuh da enya... Lebih ke hulu kontol sih.,2022
2022-08-31,@urbianx kontol,2022
2022-02-25,@SUNDA_FESS ku Allah disimpen kontol dinu palangkakan teh meh teu kaciri kubatur naha aisia ujug2 ditemong2. stress,2022
2022-09-26,@ggnalig Orang jawa Mamas = kakak laki laki Orang sunda Mamas = kontol,2022
2022-12-09,@SUNDA_FESS Biasa sok tara betah ka kontol anu lineuk. Resep neangan nu anyar meh lingas cenah,2022
2022-10-16,@itscarmila_nad @farhah_u @ceudanabos @discommie Lah org malaysia kontol suka pake kebaya jawa dimana mereka sendiri rasis sama jawa MALAYSIAN TOLOLLLLLLLLLLL,2022
2022-08-01,kontol bgt punya temen muka cina rambut di gimbalin anjing,2022
2022-06-25,@SUNDA_FESS gede bacot kontol hirup hirup batur sia nu riweuh wani mah ulah ngomong di base atuh ngomong langsung ka jelemana cuih,2022
2022-09-03,@__o000BlockL0c Betul Jokowi itu satria piningit jelmaan siluman babi cina sabdo palkon (pala kontol) Makanya kelakuannya kayak babi Semua kaum nusantara keturunan babi Makanya sekaranglah tiba pemusnahan babi berwujud manusia dari bumi ini,2022
2022-11-20,@higgsdomino_id CINA KONTOL BABI,2022
2022-10-21,@bagihumor cintol (cina kontol),2022
2022-10-18,@SUNDA_FESS Kontol,2022
2022-09-20,@SUNDA_FESS Sia kontol hayang ditincak ih tolol pisan wkwkwk,2022
2022-07-12,@Bambang_Budimab @ekowboy2 Kontol Budiman cina maling semua https://t.co/4Dp0kCLeA7,2022
2022-11-25,bukan nya my gf yg nge call malaaaaaa org cina kontol babi https://t.co/5D8xook2sI,2022
2022-11-09,KONTOL,2022
2022-06-15,@febysukma_ Wah jangan bawa2 suku lah kontol orang Sunda tidak semua kaya gitu tweet lu blunder,2022
2022-08-27,@Okihita si rasis kontol ini masih aja berani cakap noh lu tanggepin yang ngereply di twit sebelumnya paling kau cherrypick lagi dimana salahnya batak stereotipnya rentenir tapi bosnya Jawa cok ras kau itu sendiri masih belum berdikari di pulau kau sendiri mangkanya kau cari makan di Jawa,2022
2022-01-28,@Natalie__Christ @Nathalie_Chruts Mau kontol yg mana ne . Banyak Macam kontol sama kau.! Ada kontol Sunda Jawa Batak cina Bali Kalimantan Padang pekan baru Garut dll... Di pilih ya neng ..?? https://t.co/zAM3k7PPXZ,2022
2022-05-13,@katzen_jammer Maaf kak di cilegon Gemblong dan Kontol Sapi itu berbeda. Gemblong itu sama dengan Uli kalo di Sunda. Dan bentuknya memipih/sesuai wadah. KS berbahan dasar serupa tapi sudah dibentuk lonjong digoreng full ditaburi gula Putih diluarnya. Karena bentuknya itu lah disebut K-S.,2022
2022-05-13,@SUNDA_FESS sugan teh kontol,2022
2022-10-21,@SUNDA_FESS Kontol,2022
2022-10-02,@SUNDA_FESS sender goblog jual hp beli otak. kontol,2022
2022-02-04,@SUNDA_FESS hei lihat ada tukang pentol KONTOL!,2022
2022-07-05,@9OSREMIX mamas kl sunda artinya kontol,2022
2022-11-15,@sukakuli853 Mau dong nyobain kontol kuli.,2022
2022-09-21,@amirull_azhr Sebenarnya kalau tak reti pakai KONTOL Tu buang je. Macam pegawai tertinggi dynasty Cina dulu. Umur pun dah Tua kalau BEBIRD pun takleh control sehingga MELAMPAUI BATAS. Elok hukum buang je untuk 50 tahun ke atas. Kalau nak pinda ke camner @n_izzah .,2022
2022-02-18,@SUNDA_FESS Kontol,2022
2022-09-08,@fansnyaceuntat @SUNDA_FESS Ih kontol,2022
2022-02-17,@semiaeita @rjntarous kontol bener bener 2 sunda ini dni bgst !!,2022
2022-08-19,@yashudha_naka Karena terlihat cina dan sipit jd komenannya banyak yg ngarah rasis wkwkwkw kontol dah..pdhl agamanya Islam hahaha https://t.co/PKXfwuAeuK,2022
2022-10-15,@savourcurse 18 tahun gua hidup di jawa kaga ada kentol adanya kontol zet,2022
2022-02-26,@SUNDA_FESS tergantung mantanna mun nu siga kontol mah hoream,2022
2022-07-20,covid adalah buatan cina paling laris alias wuhan kontol #sikap #gapernahseenakini,2022
2022-11-22,Kepada budak tiktok..kome pernah sound cina depan2..sbb kurang ajar in public. Sbb parking ikot suka hati dia.ADA TAK ? Bocah kontol keluar parang ap bagai..wutohhh,2022
2022-01-20,@hnurwahid @kangmaman1965 Kontol! Sok bela sunda ngomong semoga cepat sembuh aja pakai bahasa arab. Rai mu yat2.,2022
2022-05-13,@SUNDA_FESS jiga kontol bule,2022
2022-10-13,@SUNDA_FESS kontol eling dah u,2022
2022-10-28,@SUNDA_FESS kontol kitu kahayang maneh?,2022
2022-10-08,@Gun66846148 @Bambang_Budimab @abu_waras jangan jawa trus lah kontol,2022
2022-05-06,@SUNDA_FESS kontol,2022
2022-05-07,@SUNDA_FESS masia kontol,2022
2022-11-16,@im_azzurii @TahananAzkaban @RendyAziss_ @neohistoria_id Heh goblok dia orang minang bukan orang sunda. Kontol lo. https://t.co/m0bp8plCad,2022
2022-07-03,@SUNDA_FESS Kontol colokeun kanu liang irung,2022
2022-07-21,@xianying_____ @SUNDA_FESS Kontol,2022
2022-10-18,@SUNDA_FESS kontol,2022
2022-10-10,@nyebelinanjing Kontol jawa ini sok inggris terus,2022
2022-04-27,@LinkkeyOfficial @ensdomains @ens_support @0xPolygon @VitalikButerin @opensea @apenftorg @TheBinanceNFT kontol.key kontoltebang.eth already support Linkkey,2022
2022-01-04,@haikal79443573 Kontol,2022
2022-10-04,@SUNDA_FESS dikolomoh ku ayang? tentu sja kontol itu kan jawaban yg anda mau,2022
2022-07-29,@SUNDA_FESS kontol kabeh,2022
2022-04-25,@SUNDA_FESS Kobut = Kontol gabut,2022
2022-08-07,@Alleria3110 @damprad Ya tapi lo emang sunda kontol,2022
2022-12-12,@SUNDA_FESS Kontol,2022
2022-11-12,@wanthereksyen @ScarletHoult @lanypramitaaa @worksfess Yg ga ngerti Jawa... Ngomong apaan kontol,2022
2022-09-04,@RamliRizal mukidi cina kontol,2022
2022-10-11,@namakujal @SUNDA_FESS kehilangan kontol tubuh dan jiwa,2022
2022-02-25,@SUNDA_FESS sakirana mau serius mah naha beut kudu ngirim pap kontol heula?,2022
2022-11-04,@risna3523 Kontol itu bhs sunda atau juga bebegug,2022
2022-11-08,@fucekrii @666ideon @bahasa_bersama Agama jawa tu gimana kontol wkwkwk,2022
2022-10-18,@convomfs kontol jawa,2022
2022-10-28,@tanyakanrl Dasar anak2 kontol mana sini biar aku beri mereka baju adat sunda + sosial,2022
2022-02-24,@getpipcom kontol@solana,2022
2022-05-17,ini mau ngerjain sunda aja mager banget kontol,2022
2022-05-09,Note; Sunda dibagi 4 jenis btw... Sunda pergaulan kasar halusz tata Krama... WRWRWRRWRWRWRWR AGAK KONTOL.EMANG,2022
2022-10-02,@FerySet09850809 @AremafcOfficial Woi Kontol lu kate Jawa Timur cuma AREMA doang... Sini Share Lokasi Bujanginam bangsat lo,2022
2022-06-23,@SUNDA_FESS Kontol,2022
2022-08-04,@adhierio @SUNDA_FESS Kontol,2022
2022-02-01,Kontol,2022
2022-10-21,@strike_bravo_b China kontol emang serakah banget LCS mau dikuasain semua. Emang paling bener sekutu sama AS terbukti lebih makmur. Noh Sri Lanka sama Pakistan ancur ancuran dibuat Cina. Wkwkwk,2022
2022-11-22,@threethumb5up @Verasemox_ @detikcom Cina kontol,2022
2022-07-19,@nisaanjani69 @putriviolaa1 Mao liat kontol aku ga,2022
2022-07-16,@SUNDA_FESS Udh berusaha sepositif mungkin pikiran gua tetep yang ada di otak gua jawabanya kontol,2022
2022-08-11,@catchmeupid Cina kontol ga berenti2 bikim susah,2022
2022-10-01,KONTOL,2022
2022-12-17,@SUNDA_FESS Kontra Kantil Bentol Kental Pentol Konyol Kontan Kuntul Mentol Cantol Tapi lu ngarep dijawab kontol kn,2022
2022-10-12,@SUNDA_FESS hahaha kontol break break tai anjing putus nya putus siateh rudet,2022
2022-04-22,@IsmailSabri60 ngelawak kelen malaysia kontol ini indonesia bro kau cemari bahasa kami mati kelen kami buat ini bahasa indonesia dari bahasa melayu riau bahasa jawa sunda belanda jepang inggris persia arab dll banyak gabungan bahasa didalamnya ini bahasa bahasa indonesia ya bahasa indonesia,2022
2022-11-28,@sbyfess Dateng ke Surabaya tahun 2002 masih TK belum ngerti apa-apa asal Jakarta jadi bahasa Jawa gak ngerti sama sekali TAPI TEMEN-TEMEN DI TK WES MISUH MISUH JANCOK KONTOL ASU SILIT GATELI GAPLEKI ALHASIL DISENENI EMESKU SOALE LAMBEKU SILAT SILIT KET UMUR 4 TAHUN,2022
2022-08-28,@Askrlfess Emang @jntexpressid di Bali kurir nya juga kontol Sensi bgt sama kampung jawa anjing. Gamau nganter bgst. Fak lah @ShopeeID hapus JNT dr mitra kurir shopee dong! Anjing bgt kurir jnt dsiini,2022
2022-06-07,@Gank_Of_Petojo Emg kontol cina satu ini...,2022
2022-08-04,Cina dan jilbab sini gw pejuhin kalian sekalian #pejuhin #kontolin #amoy #jilbabcrot,2022
2022-02-11,@SUNDA_FESS Yaelah kontol,2022
2022-10-30,@SUNDA_FESS Sia kontol,2022
2022-03-11,@SUNDA_FESS Kontol asup te karasa? Sia mah lieur sugan.,2022
2022-09-27,@pappahmuda19 Editan gak sih,2022
2022-11-30,@bogoroditsye @sileosaa @faizsadad_ Klo di Jawa beda mas batangnya peli bijinya kontol mgkn penyebutan di daerah lain beda lagi,2022
2022-07-26,@SUNDA_FESS kehidupan kontol,2022
2022-07-21,Kaga lagi lagi dah beli sperpat ama maap toko cina. MAHAL BGT KONTOL,2022
2022-06-05,@AREAJULID fix yang begini mah matinya disalib di tengah jalan disiram bensin full badan dibakar idup-idup Cina komunis kontol!,2022
2022-08-08,@tempodotco Emang cina kontol,2022
2022-09-10,kontol,2022
2022-07-30,@SUNDA_FESS SIA HAUS PISAN KONTOL APA GIMANA SAMPE KADITU KADIEU DAEK ANJING.,2022
2022-10-10,@SUNDA_FESS kontol,2022
2022-09-16,Org gw bantuin nenangin biar enak nyari materi bocah kontol malah serius serius bgt. pusing kan lu pada ga ngasih materi2. sotoy kontol jawa,2022
2022-10-01,@dizgatra Jawa kontol,2022
2022-08-03,Omongan itu adalah doa. Yes dulu pas masih kaya materi stand up ku di set kalo aku ini cina miskin. Kontol betulan miskin aku sekarang.,2022
2022-09-18,@SUNDA_FESS Sabar sabar ulah berkata kata kasar sabar goblog anyingg kontol ketikan eta meni jadah kitu,2022
2022-07-26,@TerupdateF Kaya ga ada kontol ajah,2022
2022-10-20,Kadang emang anjing modelan orang begini tuh Ngerasain bet gw yg dari sehari-hari pake bahasa indo masuk ke lingkungan yg berbahasa sunda buat sehari-hari YA SABAR KONTOL GW KAN SAMBIL BELAJAR BAHASA JUGA Ga mungkin sehari pindah langsung bisa langsung nantang lu debat sunda,2022
2022-12-12,@SUNDA_FESS Plis hiris gimini KONTOL,2022
2022-12-09,@SUNDA_FESS lalaki ge salting mun diusap usap kepala mah (dalam kurung kepala kontol),2022
2022-09-04,@OposisiCerdas mukidi cina kontol,2022
2022-07-06,@SUNDA_FESS Kontol sapi atau memek?,2022
2022-11-26,@strike_bravo_b Udahlah mending konsep federasi aja dan tiap tiap provinsi ada pemimpin masing masing terus jokowi jadi presiden jawa barat wkwkwkwk,2022
2022-10-11,@SUNDA_FESS kontol,2022
2022-05-24,Anjing perkara kontol cina,2022
2022-06-17,Cina lagik. Arogan. Kontol,2022
2022-08-28,yaela kalo kga ikhlas kaga usah bhs indo kontol wkwkw gua juga dr jawa kali bangsat buta matanya yg lain ada yg gabisa jawa blas su asu,2022
2022-11-22,publik jawa ini kek kontol juga https://t.co/piZ3CoZsEA,2022
2022-10-13,@kasablanka____ @txtdaribandung Lohloh ko malah rasis mas pake bilang sunda kontol ??,2022
2022-10-10,@SUNDA_FESS lu kalo mau ciuman kenapa ga sama pacar aja sih anjing ngntd ngntd dah sama pacar mah atur atur kontol skrg u harus ngntd sama pcr u gamau tau,2022
2022-11-27,pake bahasa Jawa ( nyapo pak Kulo mboten ono salah o) yang emang gua ga salah dia nya aja yang baperan yaudah dari pada panjang gua minta maaf aja 2 lawan 1 soalnya abis minta maaf orang nya langsung pergi gua di misoh misohin sekian cerita hari ini ada aja kontol,2022
2022-10-08,@hrsdn @babisapiku Kontol emang Cina SCBD ini!,2022
2022-05-19,@nonachuloo @SUNDA_FESS Emg kontol,2022
2022-08-15,@sweetmollucas @SUNDA_FESS Kontol,2022
2022-06-30,@SUNDA_FESS kontol,2022
2022-07-20,OLIGARKI CINA KONTOL,2022
2022-06-30,@sweetpopccrn @SUNDA_FESS Ngukur kontol heula teh sabari mikir aya paningkatan aweuh,2022
2022-09-02,kalo kata temenku aku cina kontol woakowkwok,2022
2022-11-27,tetangga kontol nih dari pagi buta sampe skrg nyetel lagu jawa kek org kawinan kontol,2022
2022-11-16,@Hyang_Manon Cina itu g takut amerika islam kontol,2022
2022-08-14,@SUNDA_FESS kontrol your kontol,2022
2022-11-18,@Rafflikurniawa2 @uchupbetzsih @urfavocaa kontol cina kui,2022
2022-06-09,@wordcel_club kontol.sol,2022
2022-09-29,@SUNDA_FESS Yg adil atuh kontol aanya juga di olesin bon cabe,2022
2022-10-05,@saltecdaramel antonim kontol jawa kan memek sunda,2022
2022-07-06,mon maap yagesya kalo aing dulu keras kepala susah di bilangin kaya kontol soalnya dulu 60%batak 20%jawa 20%sunda kerasnaya skrg tai,2022
2022-05-18,@SUNDA_FESS kontol kejepit,2022
2022-12-01,@omsangex2 @enaqloxchindo Disodok ma kontol pribumi tuh memek cina.. Enak banget bang,2022
2022-05-18,@SUNDA_FESS Kararontol kontol,2022
2022-08-07,@SUNDA_FESS mksdnya kontol? all my homies say ngntd,2022
2022-08-10,@SUNDA_FESS Anjeng sbgai anak bela diri w bener gedek ini gak sama sekali ya bener anjing. Org tu belajar bertahap negntot ga dipaksa gini asu gmn mo bentuk atlet kalo latihan pemaksaan gini dasar kontol tolol olahraga macam apa ini,2022
2022-07-14,@SUNDA_FESS Suka dielus rambut bukan berarti langsung daek dititah ngolomoh kontol ya bangsat.,2022
2022-11-25,@CoachJustinL Cina satu ini pembawa sial udah tua bukan berdoa malah julitin org emg kontol ini keturunan monyet,2022
2022-10-10,Miui kontol gajelas banget ig gabisa dibuka pake wifi anjing gada maksud ngentot anjinggg tolol miui memek sistem rusak kontol,2022
2022-06-10,Orang sunda denger ini pasti ngakak Ahmad Dhani Indy Barends Yakult Kamera 108MP Vega Hiatus Padang Sunda #Viralkan Non Halal Joshua PSSI Ginting Fajar Minions #SECRET_NUMBER #CHAEYOUNG Ribet #DOOMCHITA_ON_MUBANK Sinyo Egois Kontol Semalem LeoNiel https://t.co/dJCMMFbd7d,2022
2022-08-16,@RahasiaPlatipus org jawa ga enakan org sunda nya kaya kontol,2022
2022-10-04,@SUNDA_FESS Kontol. Itu kan jawaban yang lu mau ha??,2022
2022-06-20,@SUNDA_FESS Kelakuan km kontol bgt sumpah,2022
2022-11-30,@msaid_didu Tiap negara saling membtuhkan..knp pulak kau nyinyir ke cina..seolah2 anti cina. Kontol sma kau bol..cebol! https://t.co/QAf7JRYNYz,2022
2022-01-20,@ekacioda46 @meitag1 @aliusmannawawi @kompascom Diemin om....dia bukan org sunda jd jawab nya begitu Yg bukan org sunda ajah udh geremet sama Si arteria Lah dia bela mati2 an Dasar kontol wkwkwkwk,2022
2022-10-13,@honeeeysuckless kontol badag *versi sunda,2022
2022-11-25,@Joemualank Belum terbiasa makannya jgn mikirin kontol mulu wkwkkwkw,2022
2022-11-19,Sampe sekarang gw masih nyari yang namanya Wisnu. Bully gw dengan nepak nepak leher dan pala gw yang mana gw lagi diem ayem dan gw diemin doang. SMPN 15 Tangerang pindah pas kelas 2 smp ke daerah Jawa or something. Maju deh lu sini kontol,2022
2022-09-22,@dtchiluv @SUNDA_FESS abimah ayeuna di ajak komitmen enjing na siitu apdet foto awwe di sw meni hyg nonjok kontol na,2022
2022-10-04,@SUNDA_FESS gorowok keun dekeut ceuli na KONTOL,2022
2022-02-27,@SUNDA_FESS So cakep si kontol bengeut siga buuk si jarjit ge sia,2022
2022-06-04,@Joebaedeh @TorototHeong @ademsarichgk @GunRomli @jokowi Yg gue gak ngerti yg ngerampok negeri dan jadi maling rata2 para PACINKO (Pasukan Cina kontol) yg dibenci seorang gubernur yg ayahnya seorang pejuang. Lo saraf apa gila bong....???? #AhokMaling https://t.co/YoLA1SSU5w,2022
2022-06-05,@yasuda12_ya @anakriakdanau @Karinbahary2 Ee kacung cina kontol. Babu cina,2022
2022-11-02,@ajgkaget @nyamamaaa @ughfilterr @hmzhh_mn @nicoerdi @ilyas_soepnji @taurunians Btw pengucapan kontol dalam bahasa jawa lebih mantap karena ada penekanan di huruf T.,2022
2022-02-21,@SUNDA_FESS dua tiga tutup kontol,2022
2022-09-06,@inisalwatau @velixtzy @haqiqueen Emang kalau jawa kenapa ya kak ? kontol orang jawa ga kalah enak ko',2022
2022-06-05,@yukar76 @republikaonline @ernestprakasa ANJING CINA @ernestprakasa KONTOL,2022
2022-12-04,@kaesangp Kanjut = Kontol dalam bahasa sunda,2022
2022-10-15,@SUNDA_FESS kontol hayam,2022
2022-12-09,@prostitushe Sunda kontol,2022
2022-09-08,@dwikipediaa @SUNDA_FESS Modal kontol dong,2022
2022-01-17,Indonesia adalah negarakaya️ sebut salah 1 makanan khas daerah Misal Sunda; 1 kue kontol bebek 2itil mengimisal..,2022
2022-11-17,@koockieJAR Kok bisa diterima kerja di harian sebesar Jawa Pos ya hmm,2022
2022-12-01,@yukawryu @gayarsoniest baru denger oleh oleh khas jawa kontol poconk,2022
2022-07-27,@SUNDA_FESS Itu hak kontol,2022
2022-07-28,@SUNDA_FESS Semangat kerjanya kontol!! Gimana hari ini tot?,2022
2022-11-15,@neohistoria_id Ribut mulu ini jawa tai sunda kontol Seindonesia bangsat semua bukannya ngaca,2022
2022-12-17,@SUNDA_FESS Kontol,2022
2022-05-19,@SUNDA_FESS Sare bari nyonyoo kontol,2022
2022-07-28,@orcaellabornea @dizzyona emy ada apa dgn cina kontol,2022
2022-05-02,@gxchi_ @RANGER_MERA Insya Allah someah klo Sunda bandung Kecuali Sunda KW macem @AmeNoRyuzenn dia adalah penjelmaan sesungguhnya Sunda Sunda kontol,2022
2022-08-01,There will be Blood (Pasti Berdarah) Supercock (Kontol Super) Superbad (Jahat Banget) Clockwork Orange (Mesin Jam Jingga) Garden State (Kondisi Taman) Free Guy (Cowok Gratis) Inside Out (Kebalik) Breaking Bad (Pemecahan Jahat) Easy A (Gampang A) (Sunda) Drive (Gue),2022
2022-02-24,@SUNDA_FESS kontol uruskeun kabogoh sia kaditu ulah datang deui,2022
2022-09-21,Gatel bgt td nahan emosi buat ga mukulin muka cina temen kerja gw yg kek kontol,2022
2022-06-10,Ngapain yaah ini Ahmad Dhani Indy Barends Yakult Kamera 108MP Vega Hiatus Padang Sunda #Viralkan Non Halal Joshua PSSI Ginting Fajar Minions #SECRET_NUMBER #CHAEYOUNG Ribet #DOOMCHITA_ON_MUBANK Sinyo Egois Kontol Semalem LeoNiel https://t.co/iZ1PtW2hnl,2022
2022-07-16,@SUNDA_FESS Kontol eta kan jawaban nu hayang?,2022
2022-10-29,@BlackShades___ @slut_sunda Kontol,2022
2022-11-11,@tanyarlfes Heh. Sender kontol lu harus nya bersyukur ongkir di bawah 10k. Buat kalian yg tinggal di pulau Jawa ongkir di bawah 10k protas protes mulu. Mending gausa belanja online ya ngentot. Udah enak ongkir kaga nyampe 30k,2022
2022-08-10,@lilnarstie kontol kontol nakal,2022
2022-11-14,@Muhammad_Saewad Arab ini arab yg menghargai budaya indonesia....liat tuh karet masjid aja ornamennya batik....bukan arab jawa wajah aja arab tapi kontol nya sak iprit,2022
2022-11-19,@kuesusviden @TrifanyKim96 @naneonjena Kamu sudah lihat setiap kontol cowok2x jawa dewasa?,2022
2022-07-29,@SUNDA_FESS semua-muanya kontol.,2022
2022-10-06,@SUNDA_FESS awewe kontol,2022
2022-08-12,Cina mainland emg kek kontol,2022
2022-10-07,@nurulndutt_ ngomong doang pas dikasih kontol ga mao,2022
2022-07-20,@SUNDA_FESS Kontol Kontol Kontol Kontol,2022
2022-11-18,Lagi ngobrol pake bahasa sunda. Tiba tiba random mikir kenapa sekarang kata kanjut jarang dipakai ya? Lebih umum kontol . Apa karena kontol lebih universal? @sundastruggle @txtsunda,2022
2022-08-09,@SUNDA_FESS kontol,2022
2022-08-02,@youmycrushnow @jakmaniabandung Gue sunda gue the Jak tapi klw lu bawa2 profesi gitu satu kata buat lu.. KONTOL,2022
2022-08-10,@SUNDA_FESS Namanya latihan tu bertahap kalo mau cepet tiap hari lakuinnya jgn dipaksa kaya gitu semaksimal yg dia bisa klo udh mentok dan kurang bisa dilanjut besok lagi bertahap bukannya dipaksa teken sampe lurus hari itu juga ngerti ga lu kontol?,2022
2022-09-14,@strike_bravo_b @SmokeOnTheAir1 jawa jawa,2022
2022-11-02,@Askrlfess kontol tolol ajg demi Allah gua jdukin lu ke tembok cina trs gua seret palalu ampe tembokny abis,2022
2022-12-07,@SUNDA_FESS Kontol. Itu kan mau mu?,2022
2022-09-20,@akupangeranmuu @txtdrimedia Jawa centris jawa centris kontol,2022
2022-10-11,Ngentot semua semua aku anjng. Bikin makalah jilid buat bhs Jawa anjinggg. Mana di ingetin baru skrg kontol. GUE MAU ISTIRAHAT GUE MAU BELAJAR BUAT BESOK ANJINGGGG,2022
2022-09-15,juventus kontol,2022
2022-10-16,@Kadrun_Sunda @Miduk17 Si anjing urang mana sia...tong mamawa sunda...KONTOL,2022
2022-02-06,Gak jelas banget kontol https://t.co/3dmT4hTJtt,2022
2022-09-17,pada gangerti apa ya di jawa timur orang2 doyan makan kontol kambing?,2022
2022-10-11,@superduperyumi @rezaset40793220 @TCristianooo @utdfocusid Sungguh seru sekali melihat perseteruan ini. Kono kene wes mangan kontol belum lo Jawa,2022
2022-09-13,@KuroNekoBanser @AmanillahH Bambang nama Jawa + Bogor https://t.co/vvmbuirxL7,2022
2022-10-11,@SUNDA_FESS Nya antep we ulah di bales kontol ah,2022
2022-02-09,@bapauanget_ Kanyut dalam bahasa sunda artinya kontol,2022
2022-10-30,@SUNDA_FESS Kontol,2022
2022-11-16,@im_azzurii @TUSPANers @dyka_dyka @RendyAziss_ @neohistoria_id Lo lagi ribut sama suku minang. Tiba2 ngatain sunda banyak odgj. Cari tau dulu lah kontol. https://t.co/EyIUVEhwln,2022
2022-09-17,@solanaspaces @LIGHTS_nft @phantom @bonfida kontol.sol,2022
2022-05-20,@SUNDA_FESS Panjang naon na? Kontol na? Eleh ku penggaris butterfly ge,2022
2022-09-19,Pejuh,2022
2022-09-20,@agrdumb @txtdrimedia jawa sentris jawa sentris matamuu wi kontol,2022
2022-11-25,Nih kalo kata orang jawa sih kontol,2022
2022-07-26,@ArdianRP @Priboemi_JKT Bawa² suku kang? Bangga? KONTOL lo gue yakin ga semua orang sunda yg SERENDAH DIRI LO. Dm gue ye kita ketemuan..,2022
2022-11-20,@memefess Sesama pulay jawa aja saling gebuk ...,2022
2022-05-31,Cina kontol,2022
2022-11-14,@SUNDA_FESS bacot kontol udah tulus tapi ttp aja di tinggal,2022
2022-06-18,@CowokPutu Gak prnh serius di gays itu bukan kontol dia punya dia hitam aq tau kok,2022
2022-12-02,@garistengah_id Ini kan buat negara yg ga diakui. Kalo dari Indo paling yg ikut kayak Papua or Aceh atau.. Sunda Empire wkwkkwkwkw,2022
2022-07-14,@Bambang_Budimab @tvOneNews Eehh Kontol Cina udah dapat bansos lu njing https://t.co/gvjSne9hkx,2022
2022-11-19,@speyleter @convomfs kek kontol jawa ga si,2022
2022-07-31,@SUNDA_FESS kontol,2022
2022-07-16,@SUNDA_FESS KONTOL,2022
2022-02-26,Kontol,2022
2022-11-19,@ooyhawij kontol gua lagi aja,2022
2022-04-30,@LinkkeyOfficial @VitalikButerin @elonmusk kontol.key,2022
2022-09-27,punya bokap si boker maunya di cebokin anaknya mulu kontol,2022
2022-04-03,@rifkirashit @SUNDA_FESS hehe kontol,2022
2022-09-03,@idandasyahooco1 Jokowi itu satria piningit jelmaan siluman babi cina sabdo palkon (pala kontol) Makanya kelakuannya kayak babi Semua kaum nusantara keturunan babi Makanya sekaranglah tiba pemusnahan peradaban babi berwujud manusia https://t.co/3twHdM30af,2022
2022-11-29,Bukan niat hati rasis atau ngehina satu suku tp emg berkali2 pengalaman berhadapan sm org jawa tuh anjing bgt! Sikut2annya bngst pinter bgt ngejilat sm cari muka licik bgt nyari kesalahan org mulu. Kontol bgt,2022
2022-12-14,EH KONTOL KEMARIN AXIA SKRG YUGO PLS MAU CARI RIBUT SAMA PRINCESS SUNDA KAH,2022
2022-12-17,@SUNDA_FESS KONTOL KONTOL KONTOL KONTOL KONTOL KONTOL KONTOL KONTOL KONTOL KONTOL,2022
2022-07-31,@evetixx @kemkominfo Bedanya orang cina pinter dukung industri lokal orang sini mikirin kantong dan kontol sendiri,2022
2022-10-28,@SUNDA_FESS Eh lu kontol,2022
2022-11-09,Cina kontol emang,2022
2022-10-08,Muke lo aja kaya kontol korengan. Ngentot ni cina mesti ditampol jakunnya,2022
2022-06-10,@SUNDA_FESS nu urg inget digaplokan ku tentara pedah di kantong babaturan aya bacaan kontol kuda tapi kadon seserian anying digaplok teh cc si ketua murid : @kryzvocado,2022
2022-07-20,@SUNDA_FESS Kontol kabeh ges punten cepe,2022
2022-09-04,@aindraku turunkan mukidi cina kontol,2022
2022-08-11,Cina kontol,2022
2022-10-05,@DavidWijaya82 Satu kata utk cina babi ini..KONTOL,2022
2022-10-18,@SUNDA_FESS kontol? emang saria lalaki teu beuki nu bau basreng bari dilamot deuih anying,2022
2022-11-30,@Hoay_Anying @annrhndyz @slmmuzhaffar @zenimaarij_ @amcay_immer @New_PentolUwu @flarrre @chitchat1998 @sundastruggle @KuntoAjiW Baru tau loh Sugan teh kontol b sunda tp da asa b sunda,2022
2022-09-21,@sunbathers__ @sbyfess @pemulung_jawa kontol e shirohige sak piro cuk,2022
2022-11-18,@kaesangp Sabar Orang sabar pasti pengen teriak KONTOL NGENTOT ANJING BANGSAT NGENTOT BANGSAT HUEHHH,2022
2022-08-29,@radenrauf Kek kontol,2022
2022-05-31,@ragageni44 @BangMail69 @mejikuhibi__ Yang blenger sihh kekkk.. lonte cina kangen kontol gede izaall kali yaa kekkk,2022
2022-11-02,Kontol. Punya pacar ada apa apa yang dikabarin instagram. Pacarnya kalo mau tau harus liat instagram. Ngentot. Pacar aja sama instagram anjing.,2022
2022-11-13,@namliimlih Di manakah ibukota provinsi Jawa Tengah tol kontol?,2022
2022-10-11,@SUNDA_FESS wkwkw runtah anjing sia keneh nanya tega ga ya kontol sia na hulu,2022
2022-11-02,@ryvalenxyz W n uwo berkata dapet setim 3 orang sunda pick tank maju paling belakang mm paling belakang jungler gamau ngegank sunda kontol goblok anjing babi kirik kanker pemain party trio laknat!!,2022
2022-11-10,@sipaling3C Kalo di Sunda mamas itu kontol,2022
2022-05-10,@SUNDA_FESS mo pantun tp ga rapih tulisannya jawabannya kontol kan anjing,2022
2022-08-30,@yooursbabee Ni kontol msh berkeliaran aja,2022
2022-11-05,@SUNDA_FESS kontol kontolin lah ya kali diem,2022
2022-07-11,@pakubuwonodream pas di sel dulu pernah dipuasin kontol cina gak bang?,2022
2022-08-21,@wa_riedin @otoniwdub Ahok itu cina babi otaknya udah berlumuran tai kau cina babi juga kan? Ngk ush sok nkri lah kalau masih cina. Cina itu kyk KONTOL SMUA sama kek kau!,2022
2022-06-29,@SUNDA_FESS Miskin bilang aja kontol,2022
2022-11-25,@Ramlise7 @firzahusainInc MUKA KAU KYK PEPEK KULI...PASTI PEPEK MAMAK MU DI GILIR KULI JAWA...SMPE MUKA MU KYK KONTOL HITAM...JELEK NAJIS,2022
2022-09-04,@msaid_didu turunkan mukidi cina kontol,2022
2022-09-02,@BeautyAurora4 @Wonderf95729009 @nusantara_one Sukarno kontol babi alias mandor romusha kusno. Pembantai jutaan pribumi. Asli mongol nusantara dari nepal tibet. Sekarang disebut cina singkek. Hanya keturunan cina yg memuja pembantai pribumi,2022
2022-09-06,@morenoidaman Kontol,2022
2022-08-09,Cina emang paling enak ughhh #kontolin #pejuhin,2022
2022-11-11,@R_min80 Kontol ! Bagain produk cina,2022
2022-10-02,@navyjoystick_ @R_Novrianto @radito16 @aewin86 Psms medan rusuh banget lewat jalanan bikin rusuh orang chinese lewat diteriak2in di jalanan cina babi cina kontol emang goblok otaknya apa hubungannya sama bola memang dasarnya uda rasis sama ga berpendidikan,2022
2022-10-01,ORANG2 JAWA YANG JADI SUPORTER AREMANIA DI MALANG INI MEMANG KONTOL BANGSAT SEMUA UDAH BENAR MEMANG DULU ORANG2 JAWA DI ACEH KALIMANTAN DI PAPUA DIBANTAI DAN DIUSIR PENDUDUK LOKAL. KELAKUAN KALIAN JANCUK KABEH KANJURUHAN,2022
2022-07-07,@dffarsydi15 @TweetnyaLibra apasi kontol drtd bahas mayor minor mulu ni org. gada urusan dia cina atau apa anjing ini urusan dia jd manusia kaga beradab sama kek lu.,2022
2022-06-25,@SUNDA_FESS asbak nu bentukna jiga kontol tea,2022
2022-12-04,@rizkymuhajirin2 @joelriodc @gibran_tweet sunda kontol.,2022
2022-02-25,@ynr__ Solusi Kontinental Indonesia sabi ga gan? Selat Sunda Selat Karimata Laut Jawa dikeringin atau ditimbun gitu? Membangkitkan kejayaan Sunda Empire,2022
2022-10-18,@yaturuaja gada yg nyari perhatian sunda kontol,2022
2022-07-29,@SUNDA_FESS kontol,2022
2022-11-17,@kaesangp Kontol mah di jawa tengah bahasa biasa coba berani ga ngetweet PELI,2022
2022-11-08,@ResidentSammy @H2FAA @abu_waras huahahahaaaaaa kandungan lokal SMP 70%&gt;... omong kontol apalagi ini..... kereta saja di produksi di Cina rel dari cina pekerja dari cina kok masih percaya kandungan lokal 70%&gt;&gt;&gt; betul2 bebal Lo bong,2022
2022-11-08,@Walskeee @Gandhoyy @fajartujuhbelas @mastourbabe @oIigarcat @tatakaimashou cape banget dikatain cina kontol sama yg matanya lebih sipit dr w.,2022
2022-12-14,sudah saatnya mempersiapkan KONTOL HOLIDAY mari belajar bahasa sunda~,2022
2022-06-24,@trustedselleer @sukettekidesu @SUNDA_FESS Kontol kek jamet anjg,2022
2022-05-31,@sultan_2689 @sammiharja @AkunRecehPeduli Oalah anak palkon kondom bocor Kau ngerti gx yg kutulis Org blg batak gx rasis Org bilang jawa gx rasis Tp sx org bilang cina kok dianggap rasis??? Rasis a dmn??? Dan kau bilang aku yg rasis Ow kontol bodoh Malu org tua kau punya anak tolol kyk kau,2022
2022-11-12,@memefess jahahaha ras pemalas wadon matre haus kontol wqwq ga heran dari jaman dulu dijajah jawa mulu,2022
2022-11-20,ga ngerti jawa TAPI SENDER LO KONTOL,2022
2022-01-20,@KompasTV kontol songong anjing orang sunda tok daek pilih PDIP,2022
2022-07-12,@Bambang_Budimab @ekowboy2 Bambang Cina Kontol !,2022
2022-05-24,WKWKWK kontol cina,2022
2022-12-07,@SUNDA_FESS kontol itu kan jawaban yang sia mau?,2022
2022-02-04,@SUNDA_FESS halal to say kontol,2022
2022-09-03,@Ilopdj Jokowi kan satrio piningit jelmaan siluman babi cina sabdo palkon (pala kontol) Lebih separuh penduduk indonista percaya itu..,2022
2022-03-14,@Srikandi_sunda Slogan dan cita2 bikin partai mensejahterahkan Rakyat Tapi Realitanya memperkaya kelompok keluarga ma team separtai..kontol emang,2022
2022-12-17,@SUNDA_FESS KONTOL KONTOL KONTOL KONTOL KONTOL KONTOL KONTOL KONTOL KONTOL KONTOL,2022
2022-01-09,@SUNDA_FESS Nya kontol,2022
2022-05-18,@riosantosoas @SUNDA_FESS Lbh ke kaya kontol sih kak,2022
2022-05-24,gabisa bedain arti kontol cina sama cina kontol kah?,2022
2022-11-01,@SUNDA_FESS teuing kontol bet nanyakeun ka aing,2022
2022-08-17,@rosifluvie dik mamas artinyh kontol tw di sunda,2022
2022-09-26,Kontol e ngaceng,2022
2022-08-12,Cari cina #pejuhin #kontolin,2022
2022-08-09,@SUNDA_FESS Kamu pengen aku jawab kontol kan?,2022
2022-08-15,@SUNDA_FESS kontol,2022
2022-10-29,@infotwitwor_ meanwhile mamas di sunda artinya kontol :(,2022
2022-07-16,@SUNDA_FESS Kontol. Itu kan jawaban yg diharepin maneh nder.,2022
2022-10-28,@SUNDA_FESS kontol,2022
2022-02-28,@SUNDA_FESS kabeh kontol kuduna,2022
2022-02-12,@SUNDA_FESS Kontrol your kontol,2022
2022-10-30,@akucipungers @_masnazhif @Yourbestchoicee @kerraahhh @stefanyvonne @azzhrinn Di jawa tu org jarang manggil sawo mateng lbh singkat nyebutnya item krn emg kebnyakan dark skinned wlopun gk dark bgt.. tp lo pasti tau maksudny dan itu bkn brmaksud rasis y kontol..,2022
2022-09-26,Mau the link 2hari pun gabakalan gue bisa nonton wkwk nasib lah anjeng fans luar jawa tiket pesawat harganya kek kontol,2022
2022-08-16,@SUNDA_FESS Modal kontol doang apanan,2022
2022-03-30,@senowaitt @SUNDA_FESS Salah euy tapina woi kontol woi kontol,2022
2022-08-02,Bener nih . si jokowi kontol kan keturunan cina ngentod sama jawa solo aslinya ras cina makanya cina di indo makin kreak.@jokowi Presiden anjing,2022
2022-09-10,wasit kontol,2022
2022-07-10,@berjemuur @mimosatensity indo kontol jgn sunda,2022
2022-10-05,@glagahputih314 @BobbyAndhika11 He..he..he...si pentolan kontol mainan ku...yang dongok yang suka makan taik...turunan cina kulup yang mamak..nya jadi lonte..otok otok otok...lucu sekali an dongok...mamak nya gak puas sama bapak nya yang gak sunat..eh jadi nya mamak nya jadi babu arab...,2022
2022-09-28,wifi kontol ngelag bgt,2022
2022-11-08,@KotoSyamsudin Mau dong kontol hitam panjang nya,2022
2022-11-26,@moonareas KONTOL CWK KONTOL LU AJG SUMPAH SRIUS GW MRAH BESAR LIAT TINGKAH LU,2022
2022-10-12,kontol sepatu gua kena ama kholila bgst,2022
2022-07-20,KONTOL,2022
2022-08-09,@kudelio_ Koplok th ah pamer wae kontol,2022
2022-06-11,@bladewolf29 @SUNDA_FESS Jorang sia kontol,2022
2022-09-04,@FerdinandHutah4 turunkan mukidi cina kontol,2022
2022-06-12,@Ccookk_ @SUNDA_FESS Kalo udah sadar baru titit kalo udah bangun baru kanjut kalo udah masuk sekolah baru kontol kalo belum sadar belum bangun belum masuk sekilah mah nanut bilangnya ya,2022
2022-10-15,@SUNDA_FESS kontol ni orang kalo ampe muka lu jelek wassalam deh dahlah tabiat gini,2022
2022-09-03,@CNNIndonesia Indonesial juga akan segera bubar Kenapa ? Karena ulah jokowi jelmaan siluman babi cina sabdo palkon (pala kontol¥,2022
2022-08-08,Cina atau jilbab sini dm mood pejuhin #kontolin #pejuhin,2022
2022-08-09,@SUNDA_FESS kontol kuda,2022
2022-12-17,@SUNDA_FESS Semuanya terlihat seperti KONTOL,2022
2022-08-11,@convomf cina bisa diem dulu ga kontol,2022
2022-08-02,PELOSI MENGUNJUNGI TAIWAN . CINA: MEREKA SECARA SERIUS MERUSAK KEDAULATAN INTEGRITAS TERITORIAL TIONGKOK DAN MENGINJAK INJAK PRINSIP KITA . HE CINA KONTOL UDAH BERAPA NEGARA YG KAU BUAT HANCUR EKONOMINYA DENGAN JERATAN HUTANG ? UDAH BERAPA WILAYAH YG KAU RUSAK TERITORIALNYA ?,2022
2022-11-11,Jawa kontol,2022
2022-11-12,@SUNDA_FESS kontol,2022
2022-06-16,@SUNDA_FESS sok cakep lo kontol,2022
2022-08-19,Cina kontol,2022
2022-09-07,@SUNDA_FESS Kontol,2022
2022-01-26,@cursedwibu Manteb kontol,2022
2022-02-05,@SUNDA_FESS Kontol,2022
2022-06-17,Mesin cina kek kontol,2022
2022-06-06,@haru_biru33 @ChoerulImam11 @Dennysiregar7 Bagi kadrun cina kau @Foo_Tony13 disebut Lancau (KONTOL)...,2022
2022-10-01,@ananpanzerx @bacod_yee orang jawa? hilih bacod kontol! Ayolah COD tengah-tengah kita duel!,2022
2022-12-14,@SUNDA_FESS kontol si paling oke,2022
2022-10-27,@SUNDA_FESS Kontol,2022
2022-10-23,Anjing banget fans cina kalo kasih wm segede gaban Kontol lu 'Robert Bar',2022
2022-09-04,@DianaHeartily Cina goblok. Kontol babi,2022
2022-09-27,Brondong yg suka ngemut kontol waria ... Dm aja Gratis.. Lok tumpang malang jawa timur #waria #wariamalang #topshemale #topwaria Top,2022
2022-09-13,@BurgerBacot @ndagels inilah anak haram hasil open bo udah tau bunting masih open bo ya jadinya kaya gini kejedot banyak kontol jadi ngak tau apa itu puasa ngebleng sama mutih nya orang jawa dibilangin itu kenyataan masih aja dibilang ngarang dasar anak haram,2022
2022-08-12,wkwkwkw Tuhan saya dsni ga nyari pujian saya nyari duit buat anak istri aja wkkwkw cina kontol,2022
2022-07-29,@SUNDA_FESS kalian semua kontol,2022
2022-11-19,Kontol kontol gw banyak dosanya apa ya ditinggal in mulu fastrespon salah gabales salah ngentod kontol anjg bangsat,2022
2022-07-25,@m1kari_ @v0lkzera4 parah lu mik cina psikopat posisi kontol kurang tepat,2022
2022-09-13,@AmanillahH @KuroNekoBanser Permadi arya sunda,2022
2022-09-07,@SUNDA_FESS KONTOL,2022
2022-09-10,@AhmadSo07284030 @PSSI @iriawan84 @pt_lib Jawa kontol,2022
2022-02-25,@SUNDA_FESS red flag dasar cowok kontol,2022
2022-08-31,demi alek capek gue pm kontol -derio/jegras/lentera taulah sapa aje,2022
2022-10-07,@txtdrpemerintah dpr kontol,2022
2022-01-17,@thaxnguyen @kuyang23 @hi69877572 @Jlnkbnrn99 @asyari_abs lah mmg jawa dan melayu sama2 fasis (di negara masing²) dua-duanya kan?! minang dan ambon damai² aja kok bali dgn minahasa adem² aja sunda dgn lampung pun juga gitu dll tapi yg kontol tu suku J dan M selalu ngerusuh rebut2an siapa yg lebih superior di nusantara anjing emg https://t.co/JB4nYwy7Pr,2022
2022-07-23,@SUNDA_FESS jingkontot alias anjing kontol ngentod,2022
2022-10-08,@SUNDA_FESS Kontol pokoknamah,2022
2022-11-17,@MustofaRamadani @evenighx @nksthi Makanya belajar basa enggres lah kau jawa kontol,2022
2022-10-06,@asep_ibrahim201 @UmarHasibuann_ Hahaha si kontol peluh kaluar Sunda na Kela ari serytess teh naon kolot,2022
2022-05-12,@ehriannn @SUNDA_FESS kontol ya,2022
2022-08-21,Cina amoy lonte sini dong #pejuhin #kontolin,2022
2022-10-17,@SUNDA_FESS gagaro kontol ai tol,2022
2022-09-30,@OposisiCerdas Indo bukan jawa aja kontol...masa dipimpin ama mental budak mulu?? Ga malu?? https://t.co/dPD6owZ11w,2022
2022-09-12,ada nama geng pakowa anjg pasukan kontol jawa APAAN COBA NAMA BEGITU,2022
2022-10-13,@marsyarakat Jawa kontol,2022
2022-07-22,@AREAJULID Ngentot lah. Jiwa jiwa orang miskin. Mental miskin. Bukannya menghargai yg berprestasi malah tangan dipake buat ngetik ngatain. Mana rasis pula Lu semua blm tentu berprestasi kek dia ya kontol. Gapeduli dia kaya miskin cina atau bukan. Kalian udh miskin. Males belajar pula,2022
2022-10-07,main ml tim e kontol kabeh jancuk,2022
2022-07-29,@SUNDA_FESS KONTOL KONTOL KONTOL KONTOL KONTOL KONTOL KONTOL KONTOL KONTOL KONTOL KONTOL KONTOL KONTOL KONTOL KONTOL,2022
2022-09-11,Nih wat mbakx batak bisa dipegang omongannya kok eh tapi gk tau kalo ada darah jakon (jawa kontol) gini gimana,2022
2022-08-12,@catchmeupid cina kontol,2022
2022-08-28,@tanyakanrl Lucu liat masyarakat pulau jawa yg mengeluh pembangunan gak merata karna kabel di pulau jawa gak ditanem kek hah sehat kau kontol?,2022
2022-12-09,@SUNDA_FESS Ga masuk akal malang 3 hari terakhir panasnya ga ngotak kontol minimal harus pake kipas biar ga jadi bandeng presto,2022
2022-11-26,@SUNDA_FESS modelan cwe ky kamu ma paling kalo diputusin sama cowo kamu yang sekarang bakalan playing victim terus nyebutna teh semua cowo sama aja kontol,2022
2022-08-05,dua tiga tutup kontol bacot cina botol,2022
2022-11-02,@hmzhh_mn @nicoerdi @ilyas_soepnji @taurunians emang kontol itu dari jakarta ? aku rasa kontol itu dari bahasa jawa kayak pasangannya tempik,2022
2022-09-21,selamat pagi anak anak kontol,2022
2022-06-26,ada salah satu mutual w yg kalo w julid dia omongin wkwkwkwk tpi pas dia julid? w biasa aja anjg alias lo tuh kaya kontol gausah so iye! kata orang sunda mah etateh dosa teu karasa nyaho memek,2022
2022-03-13,@SUNDA_FESS Hirup mah ulah ciga kontol. di toel eutik hudang di bere anu enakeun kalah ka nyiduhan,2022
2022-11-20,@ultramilktawar nih kontol gue aj bagus,2022
2022-11-11,@donisahurus jawa kontol https://t.co/fnQfxJDuZJ,2022
2022-06-29,@SmokeOnTheAir1 Perkara nama jalan doang diributin. Bayangin orang Jawa sama Sunda bilang ke ini orang Berisik lu kontol.,2022
2022-03-07,@SUNDA_FESS kontol,2022
2022-07-20,@SUNDA_FESS kontol semua :(,2022
2022-10-08,@itsyourideas sukakmu lah kontol cina tapi kaya jawa,2022
2022-09-04,@FerdinandHutah4 @Pai_C1AB mukidi cina kontol,2022
2022-06-22,@razi_mt @cahcopek @Dennysiregar7 Urusan nya apa dgn cina? Kontol onta kau,2022
2022-07-29,@SUNDA_FESS udahlah kontol semua,2022
2022-07-10,@SUNDA_FESS kontol memek,2022
2022-12-17,@SUNDA_FESS kontol kontol kontol kontol kontol kontol kontol,2022
2022-08-16,@geloraco Cina kek kontol,2022
2022-01-21,@ureverlastings Mulut kontol kaya gimana teh?,2022
2022-07-29,@shaka_anzar @SUNDA_FESS Hai kontol!,2022
2022-02-02,@SUNDA_FESS bilangin mas kawin tida bisa dibeli dengan kontol maneh,2022
2022-07-26,@prankformennew Anj muka badan kontol kecil dahlah bot idaman gua,2022
2022-02-26,@SUNDA_FESS etamah lalaki kontol anu tara bersyukur,2022
2022-10-17,@Askrlfess artinya kontol bahasa sunda tp kasar,2022
2022-05-13,Mungkin kebanyakan orang khususnya Sunda dan Betawi menyebut panganan yg terbuat dari tepung ketan dan gula jawa ini dengan nama Gemblong. Sedangkan di Cilegon masyarakatnya menyebut panganan ini dgn nama yg unik : KONTOL SAPI. Terdengar saru? Memang begitulah adanya.. https://t.co/8gv95Pd6wK,2022
2022-08-10,@SUNDA_FESS kontol,2022
2022-10-05,@baihakirki @Penyukajanda123 kontol guweh bukan cina,2022
2022-11-14,@9unskie kontol jawa,2022
2022-12-08,@SUNDA_FESS Kontol,2022
2022-04-03,@CowboyyFromHell @SUNDA_FESS @terbcot Si paling si paling si paling kontol duy,2022
2022-05-11,Sumpah tapi ini org ina kalo mesuh2 lucu anying gapeduli op dari mana bisa bahasa apa ngomel mprepet ada yg pake bahasa betawi jawa sunda segala bahasa dicampur2 anying... paling sering langsung serang eh kontol... eh babi... woy setan... gue gimana gak ngakak anying...,2022
2022-11-20,@nusantara_one Gadjah Mada kontol... sosoan nguasain Nusantara padahal ngadepin Sunda aja gabisa...,2022
2022-09-29,@SUNDA_FESS Ga akan sih paling kontol doang lebih gede,2022
2022-05-07,@socomonejp sunda kontol,2022
2022-07-20,@SUNDA_FESS kontol kontol kontol kontol,2022
2022-12-17,@SUNDA_FESS kabeh kontol,2022
2022-09-26,@_ayanknyakamu @SUNDA_FESS @3 Gapapa teriak aja KONTOL yang kenceng biar sedikit mengurangi rasa kesel,2022
2022-05-12,@SUNDA_FESS Naha ciga kontol aa ?,2022
2022-03-10,@SUNDA_FESS EDUCATE UR SOON!!! kontol lu dipake yg bnr setan gausah kaya binatang,2022
2022-09-27,Yg suka ngemut kontol waria Dm ae Lok tumpang malang jawa timur,2022
2022-11-20,@GarengHallu Jawa jawa,2022
2022-05-04,@SUNDA_FESS Kontol vs kontol siateh?,2022
2022-07-07,@creampie_99 @pao @nftcomnft @CoolClocks_io CEBONG IDIOT KONTOL ! KADRUN CINA MALING UANG RAKYAT ! https://t.co/8Lou9ovRNL,2022
2022-11-13,@Supernova803 @regarpauls @geloraco lobang pantat lo yang lebar. baca komen gw ga? perduli setan sapa pelakunya. gw cuma bilang apa yang menurut gw umum terjadi. akun baru netes kmaren gegayaan lo kya arab kontol! baca yg bener lo gimana sih? lo baca warga keturunan itu pasti cina yah? klo arab itu asli pribumi?,2022
2022-07-20,@SUNDA_FESS jawabanny semua kontol,2022
2022-10-16,@suhpremacist_ It's fine Jawa. Ini akun lo dan lo punya hak kok buat nyambat di sini. Emang kontol aja tuh yang bikin geger anjinglah,2022
2022-07-08,Kontol ini gua udah ngeunfoll 15 akun cina ye anjing. Banyak bener bikin emosi.,2022
2022-11-13,@RadenSetyaki2 @regarpauls @geloraco dikata agama lo dibawa arab kontol lo? orang cina yang bawa ke nusantara wahai orang pinter... gw ga ngasih data supaya lo mau belajar didik diri lo sendiri yang udah kelewat jenius! bukan cuma copas apa kata satu orang doank. kepinteran lo dah nandingin habibie tong.,2022
2022-11-24,@andihiyat Kontol lu brooo,2022
2022-10-04,kalo ada apa2 ngomong ke aku . kalimat paling bullshit dan kontol sedunia.,2022
2022-11-24,@MasChan__ @j0k3rochem @pandusatria_32 @jesica_yosi89 @pengarang_sajak Kaga ada yg kelola langsung kalo pertambangan semua modal kontol doang termasuk cina,2022
2022-11-02,@cutesttaeby @coppamagz bacooot. jawa dibilang kolot masih pake sesajen. bangsa sipit kontol kecil dibilang tradisi hormat prek,2022
2022-08-01,@SUNDA_FESS SAMARUK SIA KONTOL TEH SEJENIS UMBI2AN MEUREUN BISA TUMBUH DEUI,2022
2022-06-22,perdebatan kerja v.s kuliah gakan pernah selesai. karena keduanya adlah keputusan yg sama2 baik juga. yg jdi masalah org2 kontol yg suka merendahkan keputusan mereka merasa superior. yaa entah dri yg kerja ke yg kuliah atau sebaliknya,2022
2022-07-16,@SUNDA_FESS Kalo pegang kontol malu,2022
2022-11-11,@weirdlycl @blackwumbxx sunda kontol,2022
